epoch,aux_out_acc,aux_out_loss,loss,main_out_acc,main_out_loss,val_aux_out_acc,val_aux_out_loss,val_loss,val_main_out_acc,val_main_out_loss
0,0.84,0.429545953274,0.0989877131581,0.995,0.0130785225332,0.859999992847,0.431346166134,1.0889249897,0.820000004768,1.00265571594
1,0.84,0.425737668276,0.0945722180605,1.0,0.00942468374968,0.859999992847,0.428409333229,1.10147397518,0.799999995232,1.01579214096
2,0.84,0.422698122263,0.0941519260406,1.0,0.00961230263114,0.859999992847,0.426147520542,1.06449122429,0.820000004768,0.979261760712
3,0.84,0.419562735558,0.0984363746643,1.0,0.0145238256454,0.859999992847,0.423923794031,1.08656004429,0.799999995232,1.00177529812
4,0.84,0.416434111595,0.0898618918657,1.0,0.00657506697869,0.859999992847,0.422893928289,1.09595486641,0.820000004768,1.01137609482
5,0.84,0.414013643265,0.0878767988086,1.0,0.0050740676187,0.859999992847,0.42196649909,1.12851959705,0.820000004768,1.04412629128
6,0.84,0.411348941326,0.0870208331943,1.0,0.00475104225799,0.859999992847,0.420350798368,1.17303590775,0.820000004768,1.0889657259
7,0.84,0.40839709878,0.0935623884201,1.0,0.0118829682563,0.859999992847,0.418818740845,1.20895386219,0.840000004768,1.12519011974
8,0.84,0.405631126165,0.0917502689362,1.0,0.0106240431406,0.859999992847,0.416978248358,1.32606697559,0.879999992847,1.24267135143
9,0.84,0.402543914318,0.0936356076598,0.995,0.0131268249685,0.859999992847,0.414939022064,1.29009363651,0.860000004768,1.20710585594
10,0.84,0.400048434734,0.0945423853397,1.0,0.0145326958038,0.859999992847,0.414264168739,1.23155863285,0.879999992847,1.14870577812
11,0.84,0.397835066319,0.107087534964,0.995,0.0275205205567,0.859999992847,0.413514293432,1.22655313015,0.879999992847,1.14385022163
12,0.84,0.395481820107,0.0965529346466,1.0,0.0174565701722,0.859999992847,0.412588783503,1.23448357105,0.859999992847,1.15196576118
13,0.84,0.392942293286,0.0860795408487,1.0,0.0074910815293,0.859999992847,0.411936951876,1.20843206406,0.859999992847,1.12604467392
14,0.84,0.390993432999,0.0881587380171,1.0,0.00996005116031,0.859999992847,0.410650118589,1.15679334641,0.879999992847,1.07466329575
15,0.84,0.388360304236,0.0935092282295,0.995,0.0158371653454,0.859999992847,0.409986014366,1.16355115414,0.840000004768,1.08155396461
16,0.84,0.386066100597,0.0831580144167,1.0,0.00594479413005,0.859999992847,0.409075448513,1.19643329144,0.800000007153,1.11461822987
17,0.84,0.383714762926,0.0826130959392,1.0,0.00587014149409,0.859999992847,0.408786143064,1.19346920967,0.820000007153,1.11171197891
18,0.84,0.380975649357,0.0807565063238,1.0,0.00456137409434,0.859999992847,0.40860918045,1.17224743366,0.820000007153,1.0905256176
19,0.84,0.378646931648,0.0814156216383,1.0,0.00568623339117,0.859999992847,0.408147543669,1.18812779903,0.820000007153,1.10649829388
